City_ID,City,Country,Date,Lat,Lng,Max Temp,Humidity,Cloudiness,Wind Speed
0,Buin,CL,2021-10-19 01:33:16,-33.7333,-70.75,71.64,38,0,4.36
1,Clyde River,CA,2021-10-19 01:34:59,70.4692,-68.5914,32.41,70,100,9.86
2,Klyuchi,RU,2021-10-19 01:30:35,52.2667,79.1667,38.93,61,24,5.37
3,Jamestown,US,2021-10-19 01:33:37,42.097,-79.2353,53.19,71,1,5.01
4,Lebu,CL,2021-10-19 01:35:00,-37.6167,-73.65,51.71,89,3,16.06
5,Port Alfred,ZA,2021-10-19 01:35:01,-33.5906,26.891,54.95,74,2,8.79
6,Punta Arenas,CL,2021-10-19 01:35:01,-53.15,-70.9167,46.51,66,0,17.27
7,Tynda,RU,2021-10-19 01:35:02,55.1667,124.7167,30.31,51,99,8.12
8,Fortuna,US,2021-10-19 01:31:21,40.5982,-124.1573,55.47,66,1,1.01
9,Nhulunbuy,AU,2021-10-19 01:35:03,-12.2333,136.7667,92.01,46,20,8.05
10,Mataura,NZ,2021-10-19 01:35:03,-46.1927,168.8643,52.56,43,83,10.89
11,Ushibuka,JP,2021-10-19 01:35:04,32.1906,130.0228,66.09,69,99,10.13
12,Laguna,US,2021-10-19 01:35:05,38.421,-121.4238,62.89,49,1,0.0
13,Zhigansk,RU,2021-10-19 01:35:05,66.7697,123.3711,18.14,94,100,17.13
14,Barrow,US,2021-10-19 01:33:00,71.2906,-156.7887,15.82,73,20,4.61
15,Puerto Ayora,EC,2021-10-19 01:30:39,-0.7393,-90.3518,69.85,85,65,7.61
16,Mar Del Plata,AR,2021-10-19 01:35:06,-38.0023,-57.5575,51.82,21,0,8.01
17,Henties Bay,NA,2021-10-19 01:35:07,-22.116,14.2845,56.86,85,100,6.91
18,Asosa,ET,2021-10-19 01:33:11,10.0667,34.5333,60.4,72,9,5.08
19,Bredasdorp,ZA,2021-10-19 01:35:08,-34.5322,20.0403,49.28,84,0,3.44
20,Zhezkazgan,KZ,2021-10-19 01:35:08,47.8043,67.7144,41.77,37,7,8.88
21,Lakki Marwat,PK,2021-10-19 01:35:08,32.6079,70.9114,75.97,37,0,1.25
22,Severo-Kurilsk,RU,2021-10-19 01:31:48,50.6789,156.125,39.69,73,53,26.82
23,Vostok,RU,2021-10-19 01:32:43,46.4856,135.8833,28.45,52,16,6.35
24,Batsfjord,NO,2021-10-19 01:35:09,70.6345,29.7185,33.19,67,100,21.3
25,New Norfolk,AU,2021-10-19 01:32:28,-42.7826,147.0587,55.65,44,99,4.05
26,Nassjo,SE,2021-10-19 01:32:05,57.6531,14.6968,37.29,65,100,6.13
27,Cherskiy,RU,2021-10-19 01:35:10,68.75,161.3,0.86,96,32,9.06
28,Qaanaaq,GL,2021-10-19 01:32:16,77.484,-69.3632,28.9,62,100,13.27
29,Oktyabrskiy,RU,2021-10-19 01:35:10,54.4815,53.471,47.05,85,100,7.7
30,South Venice,US,2021-10-19 01:35:11,27.0531,-82.4243,78.01,68,100,10.36
31,Gamba,GA,2021-10-19 01:35:11,-2.65,10.0,75.13,86,100,6.49
32,Pevek,RU,2021-10-19 01:35:12,69.7008,170.3133,13.8,83,100,3.87
33,Rikitea,PF,2021-10-19 01:31:52,-23.1203,-134.9692,75.43,74,7,20.45
34,Albany,US,2021-10-19 01:35:12,42.6001,-73.9662,45.81,85,35,3.0
35,Chokurdakh,RU,2021-10-19 01:33:53,70.6333,147.9167,-8.36,99,81,5.28
36,Honiara,SB,2021-10-19 01:35:13,-9.4333,159.95,84.02,77,49,2.73
37,Ribeira Grande,PT,2021-10-19 01:35:14,38.5167,-28.7,68.52,73,14,17.94
38,Souillac,MU,2021-10-19 01:31:56,-20.5167,57.5167,71.98,83,40,11.5
39,Beringovskiy,RU,2021-10-19 01:30:47,63.05,179.3167,34.29,93,100,3.02
40,Lima,PE,2021-10-19 01:31:04,-12.0432,-77.0282,61.9,81,90,8.05
41,Santa Cruz,BO,2021-10-19 01:35:14,-17.8,-63.1667,71.06,83,90,3.44
42,Lompoc,US,2021-10-19 01:35:15,34.6391,-120.4579,60.78,75,1,12.66
43,Vrangel,RU,2021-10-19 01:31:42,42.7297,133.0839,41.95,61,94,17.47
44,Nizwa,OM,2021-10-19 01:30:16,22.9333,57.5333,76.96,25,5,0.43
45,Hobart,AU,2021-10-19 01:34:11,-42.8794,147.3294,56.01,55,75,9.22
46,Ola,RU,2021-10-19 01:35:16,59.5833,151.2833,16.54,41,0,7.56
47,Tukrah,LY,2021-10-19 01:35:16,32.5341,20.5791,69.85,64,98,8.97
48,Tamandare,BR,2021-10-19 01:35:17,-8.7597,-35.1047,76.64,82,29,7.2
49,San Vicente,AR,2021-10-19 01:35:17,-26.6167,-54.1333,56.84,90,0,4.21
50,Ushuaia,AR,2021-10-19 01:31:56,-54.8,-68.3,42.46,81,75,18.41
51,Fukue,JP,2021-10-19 01:35:18,32.6881,128.8419,64.76,72,75,9.22
52,Avarua,CK,2021-10-19 01:35:18,-21.2078,-159.775,77.05,65,20,9.22
53,Nikolskoye,RU,2021-10-19 01:35:19,59.7035,30.7861,39.09,85,100,6.96
54,Takoradi,GH,2021-10-19 01:31:03,4.8845,-1.7554,76.37,90,100,8.08
55,Tasiilaq,GL,2021-10-19 01:35:19,65.6145,-37.6368,32.16,51,9,3.83
56,Margate,GB,2021-10-19 01:35:20,51.3813,1.3862,63.97,96,100,3.0
57,Sinnamary,GF,2021-10-19 01:35:20,5.3833,-52.95,79.5,81,88,8.34
58,Sitka,US,2021-10-19 01:34:53,57.0531,-135.33,49.89,43,90,16.11
59,Vaini,TO,2021-10-19 01:35:20,-21.2,-175.2,80.76,74,20,10.36
60,Cape Town,ZA,2021-10-19 01:31:14,-33.9258,18.4232,57.61,60,0,4.0
61,Matagami,CA,2021-10-19 01:35:21,49.7502,-77.6328,37.51,93,90,5.75
62,Torbay,CA,2021-10-19 01:35:22,47.6666,-52.7314,46.27,96,90,10.36
63,Alta Floresta,BR,2021-10-19 01:35:22,-9.8756,-56.0861,70.5,99,100,2.55
64,Atuona,PF,2021-10-19 01:35:22,-9.8,-139.0333,77.67,77,8,19.1
65,Fredericton,CA,2021-10-19 01:35:23,45.9454,-66.6656,47.44,93,90,1.01
66,Carnarvon,AU,2021-10-19 01:35:23,-24.8667,113.6333,62.67,77,90,23.02
67,Flinders,AU,2021-10-19 01:35:24,-34.5833,150.8552,70.21,76,85,8.99
68,Hami,CN,2021-10-19 01:35:24,42.8,93.45,55.94,23,45,2.71
69,Faanui,PF,2021-10-19 01:35:24,-16.4833,-151.75,80.46,76,43,13.04
70,Busselton,AU,2021-10-19 01:35:25,-33.65,115.3333,62.04,90,100,26.57
71,Saint-Philippe,RE,2021-10-19 01:35:25,-21.3585,55.7679,71.15,78,43,11.03
72,Nampula,MZ,2021-10-19 01:35:26,-15.1165,39.2666,67.95,88,0,6.91
73,Mananara,MG,2021-10-19 01:35:26,-16.1667,49.7667,67.12,91,75,2.98
74,Asau,RO,2021-10-19 01:32:41,46.4333,26.4,47.39,88,45,3.58
75,Saldanha,ZA,2021-10-19 01:35:27,-33.0117,17.9442,48.25,71,0,13.78
76,Fereydunshahr,IR,2021-10-19 01:35:27,32.941,50.121,40.28,18,0,4.61
77,Bandarbeyla,SO,2021-10-19 01:32:59,9.4942,50.8122,75.92,86,2,10.31
78,Atambua,ID,2021-10-19 01:33:04,-9.1061,124.8925,87.42,56,88,4.52
79,Kapaa,US,2021-10-19 01:34:20,22.0752,-159.319,84.18,75,40,4.0
80,Puerto Escondido,MX,2021-10-19 01:35:28,15.85,-97.0667,74.23,78,75,9.22
81,Quatre Cocos,MU,2021-10-19 01:35:29,-20.2078,57.7625,71.71,76,90,14.61
82,Zalari,RU,2021-10-19 01:35:29,53.5584,102.5065,36.75,66,4,2.17
83,Khatanga,RU,2021-10-19 01:35:29,71.9667,102.5,31.78,98,100,12.06
84,Skibbereen,IE,2021-10-19 01:35:30,51.55,-9.2667,58.8,98,100,13.33
85,Yellowknife,CA,2021-10-19 01:35:31,62.456,-114.3525,27.41,99,20,2.3
86,Atikokan,CA,2021-10-19 01:35:31,48.7555,-91.6216,52.18,69,5,7.29
87,Celestun,MX,2021-10-19 01:35:31,20.8667,-90.4,80.17,76,94,11.5
88,Banda Aceh,ID,2021-10-19 01:35:32,5.5577,95.3222,83.41,71,90,2.19
89,Marolambo,MG,2021-10-19 01:35:32,-20.05,48.1167,59.58,95,1,1.77
90,Ahipara,NZ,2021-10-19 01:35:33,-35.1667,173.1667,65.43,61,6,6.62
91,Chake Chake,TZ,2021-10-19 01:35:33,-5.2459,39.7666,74.73,88,67,6.33
92,La Ronge,CA,2021-10-19 01:35:33,55.1001,-105.2842,37.65,75,40,10.36
93,Shingu,JP,2021-10-19 01:35:34,33.7333,135.9833,67.19,75,99,5.91
94,Karratha,AU,2021-10-19 01:35:34,-20.7377,116.8463,81.3,65,97,18.5
95,Port Elizabeth,ZA,2021-10-19 01:35:35,-33.918,25.5701,48.49,81,0,4.61
96,Kodiak,US,2021-10-19 01:35:35,57.79,-152.4072,45.91,71,90,16.11
97,Thompson,CA,2021-10-19 01:34:02,55.7435,-97.8558,39.36,81,90,13.8
98,Chuy,UY,2021-10-19 01:35:36,-33.6971,-53.4616,53.35,87,0,5.64
99,Saint George,US,2021-10-19 01:35:36,37.1041,-113.5841,54.63,50,90,3.0
100,Ponta Do Sol,PT,2021-10-19 01:32:46,32.6667,-17.1,77.72,36,90,0.36
101,Lagoa,PT,2021-10-19 01:35:37,39.05,-27.9833,67.55,73,2,19.64
102,Wanaka,NZ,2021-10-19 01:35:37,-44.7,169.15,57.11,53,100,10.0
103,Matara,LK,2021-10-19 01:35:37,5.9485,80.5353,80.62,82,98,10.07
104,Colac,AU,2021-10-19 01:35:38,-38.3333,143.5833,59.63,54,26,8.93
105,Fairbanks,US,2021-10-19 01:31:47,64.8378,-147.7164,37.4,58,1,0.0
106,Lipovtsy,RU,2021-10-19 01:35:38,44.2014,131.7244,35.98,44,0,13.53
107,Taksimo,RU,2021-10-19 01:35:39,56.3444,114.8794,30.51,42,21,2.26
108,Koksovyy,RU,2021-10-19 01:35:39,48.1967,40.5989,45.39,58,100,5.66
109,Grand Gaube,MU,2021-10-19 01:33:51,-20.0064,57.6608,72.0,87,98,7.0
110,Eureka,US,2021-10-19 01:31:23,40.8021,-124.1637,54.25,79,100,1.95
111,Xuanhua,CN,2021-10-19 01:35:40,40.6103,115.0447,39.92,29,0,1.79
112,Xingyi,CN,2021-10-19 01:35:40,24.1877,102.817,61.11,89,98,4.59
113,Omaruru,NA,2021-10-19 01:35:41,-21.4333,15.9333,65.82,21,100,5.84
114,College,US,2021-10-19 01:35:41,64.8569,-147.8028,37.38,58,40,0.0
115,Longyearbyen,SJ,2021-10-19 01:35:41,78.2186,15.6401,17.44,67,0,5.75
116,Ribeira Brava,PT,2021-10-19 01:35:42,32.65,-17.0667,77.72,39,90,0.49
117,Kawalu,ID,2021-10-19 01:35:42,-7.3817,108.2082,82.4,73,100,2.51
118,Hilo,US,2021-10-19 01:35:43,19.7297,-155.09,80.33,79,90,10.36
119,Sao Filipe,CV,2021-10-19 01:35:43,14.8961,-24.4956,79.75,72,0,3.69
120,Katsuura,JP,2021-10-19 01:35:43,35.1333,140.3,58.19,87,100,9.64
121,Coroneo,MX,2021-10-19 01:35:44,20.1333,-100.3333,60.93,70,56,5.57
122,Hithadhoo,MV,2021-10-19 01:32:01,-0.6,73.0833,81.43,71,90,6.71
123,Yuli,NG,2021-10-19 01:35:44,9.6989,10.2744,75.11,84,90,1.95
124,Kano,NG,2021-10-19 01:35:45,12.0001,8.5167,75.09,88,40,6.91
125,Constitucion,CL,2021-10-19 01:35:45,-35.3333,-72.4167,57.0,69,0,7.52
126,Dodge City,US,2021-10-19 01:35:21,37.7528,-100.0171,67.51,50,1,10.0
127,Bloemhof,ZA,2021-10-19 01:35:46,-27.6469,25.607,47.14,21,0,6.31
128,Los Llanos De Aridane,ES,2021-10-19 01:35:46,28.6585,-17.9182,73.15,33,0,9.22
129,Okhotsk,RU,2021-10-19 01:35:47,59.3833,143.3,15.1,58,0,17.85
130,Svetlaya,RU,2021-10-19 01:35:47,46.5389,138.3297,41.2,51,61,6.33
131,Mahebourg,MU,2021-10-19 01:35:48,-20.4081,57.7,71.89,83,40,11.5
132,Kavieng,PG,2021-10-19 01:35:48,-2.5744,150.7967,86.22,62,66,14.03
133,Lorengau,PG,2021-10-19 01:35:48,-2.0226,147.2712,86.74,65,75,11.9
134,Portland,US,2021-10-19 01:34:41,45.5234,-122.6762,56.21,76,20,3.0
135,Vestmanna,FO,2021-10-19 01:35:49,62.1564,-7.1664,49.12,100,90,11.5
136,Callaway,US,2021-10-19 01:35:49,30.153,-85.5699,64.9,70,1,1.01
137,Cockburn Town,TC,2021-10-19 01:35:50,21.4612,-71.1419,81.84,75,86,9.42
138,Iqaluit,CA,2021-10-19 01:34:58,63.7506,-68.5145,35.33,87,90,18.99
139,Vardo,NO,2021-10-19 01:30:52,70.3705,31.1107,35.83,60,100,25.88
140,Bluff,NZ,2021-10-19 01:35:50,-46.6,168.3333,48.51,55,72,25.23
141,Mount Isa,AU,2021-10-19 01:30:52,-20.7333,139.5,100.17,17,0,6.91
142,Aklavik,CA,2021-10-19 01:35:51,68.2191,-135.0107,21.92,79,100,0.63
143,George Town,MY,2021-10-19 01:35:51,5.4112,100.3354,78.89,94,40,1.01
144,Hermanus,ZA,2021-10-19 01:35:52,-34.4187,19.2345,54.9,78,0,10.78
145,Maceio,BR,2021-10-19 01:35:52,-9.6658,-35.7353,76.44,94,40,5.75
146,Pak Phanang,TH,2021-10-19 01:35:53,8.3511,100.202,87.82,72,90,5.95
147,Sao Joao Da Barra,BR,2021-10-19 01:35:53,-21.6403,-41.0511,70.25,95,100,10.94
148,Chumikan,RU,2021-10-19 01:35:54,54.7183,135.315,27.48,57,69,26.08
149,Sangar,RU,2021-10-19 01:35:54,63.9242,127.4739,13.96,77,95,6.46
150,Ambon,ID,2021-10-19 01:35:54,-3.6954,128.1814,86.14,84,20,2.3
151,Butaritari,KI,2021-10-19 01:35:55,3.0707,172.7902,83.48,61,99,7.83
152,Castro,BR,2021-10-19 01:33:07,-24.7911,-50.0119,54.97,98,100,7.09
153,Luderitz,NA,2021-10-19 01:35:55,-26.6481,15.1594,69.96,25,7,12.37
154,Aguimes,ES,2021-10-19 01:35:56,27.9054,-15.4461,73.65,34,0,16.11
155,Khromtau,KZ,2021-10-19 01:35:56,50.2503,58.4347,45.41,32,100,8.63
156,Cidreira,BR,2021-10-19 01:35:57,-30.1811,-50.2056,60.62,78,3,7.16
157,Salalah,OM,2021-10-19 01:35:57,17.0151,54.0924,75.29,78,0,2.3
158,Maner,IN,2021-10-19 01:35:57,25.65,84.8833,71.51,97,100,7.23
159,Bengkulu,ID,2021-10-19 01:35:58,-3.8004,102.2655,75.99,88,100,4.09
160,Paredon,MX,2021-10-19 01:35:58,16.0333,-93.8667,80.02,74,100,14.34
161,Hajnowka,PL,2021-10-19 01:35:39,52.7433,23.5812,37.58,81,100,3.89
162,Moerai,PF,2021-10-19 01:35:59,-22.4333,-151.3333,76.75,87,100,16.64
163,Tuktoyaktuk,CA,2021-10-19 01:35:59,69.4541,-133.0374,23.0,100,90,10.36
164,Arraial Do Cabo,BR,2021-10-19 01:36:00,-22.9661,-42.0278,69.03,89,100,14.09
165,Nenjiang,CN,2021-10-19 01:36:00,49.1833,125.2167,36.57,48,18,8.46
166,Victoria,HK,2021-10-19 01:35:08,22.2855,114.1577,81.25,74,61,3.0
167,Shinpokh,PK,2021-10-19 01:36:01,34.3292,71.1782,63.81,52,0,1.43
168,Royan,FR,2021-10-19 01:36:02,45.6285,-1.0281,60.78,72,100,9.24
169,Oyama,JP,2021-10-19 01:36:02,36.3,139.8,58.89,82,100,5.39
170,Praia Da Vitoria,PT,2021-10-19 01:36:03,38.7333,-27.0667,66.45,88,20,11.81
171,Marfino,RU,2021-10-19 01:36:04,55.7028,37.3822,38.95,83,75,8.95
172,Nanakuli,US,2021-10-19 01:36:04,21.3906,-158.1547,85.95,52,40,5.75
173,Krasnoselkup,RU,2021-10-19 01:36:05,65.7,82.4667,35.83,94,97,13.69
174,Arman,RU,2021-10-19 01:36:05,59.7,150.1667,18.07,35,0,10.36
175,Nong Bua,TH,2021-10-19 01:36:06,15.8646,100.5858,76.8,87,89,4.65
176,Touros,BR,2021-10-19 01:31:56,-5.1989,-35.4608,76.1,78,59,14.29
177,Tosno,RU,2021-10-19 01:36:06,59.54,30.8775,39.02,86,99,7.14
178,Airai,TL,2021-10-19 01:36:07,-8.9266,125.4092,78.73,44,96,2.48
179,Svetlyy,RU,2021-10-19 01:32:40,54.675,20.1347,32.05,67,100,4.56
180,North Bend,US,2021-10-19 01:33:31,43.4065,-124.2243,55.94,88,1,4.61
181,Nazareno,MX,2021-10-19 01:36:08,25.3833,-103.4167,80.91,41,88,4.16
182,Valparaiso,CL,2021-10-19 01:35:26,-33.0393,-71.6273,56.84,82,0,5.75
183,Koslan,RU,2021-10-19 01:36:08,63.4564,48.8989,30.7,93,69,2.86
184,Barabai,ID,2021-10-19 01:36:08,-2.5833,115.3833,84.27,77,87,0.63
185,Hasaki,JP,2021-10-19 01:36:09,35.7333,140.8333,59.29,80,100,9.01
186,San Patricio,US,2021-10-19 01:36:09,28.017,-97.5169,74.84,67,7,7.85
187,Kruisfontein,ZA,2021-10-19 01:36:10,-34.0033,24.7314,48.09,76,0,4.52
188,Pachino,IT,2021-10-19 01:36:10,36.7186,15.0907,59.04,77,6,8.12
189,Vila Franca Do Campo,PT,2021-10-19 01:36:11,37.7167,-25.4333,70.21,82,18,12.15
190,Gornopravdinsk,RU,2021-10-19 01:36:11,60.05,69.9,45.03,84,100,7.31
191,Gostyn,PL,2021-10-19 01:36:12,51.8825,17.0123,49.05,84,97,6.13
192,Camana,PE,2021-10-19 01:36:12,-16.6228,-72.7111,62.22,85,53,5.95
193,Komsomolskiy,UZ,2021-10-19 01:32:11,40.4272,71.7189,48.92,61,71,9.22
194,Mehamn,NO,2021-10-19 01:36:09,71.0357,27.8492,33.39,63,100,21.07
195,Verkhnevilyuysk,RU,2021-10-19 01:36:13,63.4453,120.3167,30.4,94,100,5.19
196,Lingsugur,IN,2021-10-19 01:36:13,16.1667,76.5167,72.93,78,86,11.07
197,Ruwi,OM,2021-10-19 01:36:13,23.5996,58.5507,80.29,42,1,4.7
198,Ilulissat,GL,2021-10-19 01:36:14,69.2167,-51.1,30.22,27,9,26.46
199,Pisco,PE,2021-10-19 01:36:14,-13.7,-76.2167,62.02,82,59,12.66
200,Grootfontein,NA,2021-10-19 01:36:15,-19.5667,18.1167,60.37,25,91,4.61
201,Diffa,NE,2021-10-19 01:36:15,13.3154,12.6113,84.13,24,27,2.19
202,Key West,US,2021-10-19 01:36:16,24.5557,-81.7826,82.4,63,1,10.36
203,Bira,RU,2021-10-19 01:36:16,49.0,132.4667,32.86,32,0,4.68
204,Namibe,AO,2021-10-19 01:36:16,-15.1961,12.1522,62.73,88,45,3.6
205,Thinadhoo,MV,2021-10-19 01:36:17,0.5333,72.9333,82.02,72,93,9.01
206,Shilovo,RU,2021-10-19 01:36:17,54.3204,40.874,32.4,93,9,7.07
207,Mount Gambier,AU,2021-10-19 01:32:25,-37.8333,140.7667,58.91,58,75,6.91
208,Esperance,AU,2021-10-19 01:36:18,-33.8667,121.9,76.84,41,100,14.76
209,Bambous Virieux,MU,2021-10-19 01:33:44,-20.3428,57.7575,71.85,83,40,11.5
210,Saint-Paul,RE,2021-10-19 01:36:18,-21.0096,55.2707,71.69,76,15,5.95
211,Arcata,US,2021-10-19 01:36:19,40.8665,-124.0828,54.25,80,1,3.44
212,Bethel,US,2021-10-19 01:36:19,41.3712,-73.414,49.82,81,1,4.61
213,Springfield,US,2021-10-19 01:32:22,37.2153,-93.2982,60.82,74,1,1.99
214,West Bay,KY,2021-10-19 01:36:20,19.3667,-81.4167,82.99,86,20,1.99
215,Mayfield,US,2021-10-19 01:36:20,36.7417,-88.6367,54.14,80,1,4.68
216,Winslow,US,2021-10-19 01:36:21,35.0242,-110.6974,62.78,47,1,1.99
217,Amahai,ID,2021-10-19 01:33:05,-3.3333,128.9167,85.46,72,54,4.47
218,Sovetskiy,RU,2021-10-19 01:36:21,61.3614,63.5842,39.52,98,100,8.37
219,Narsaq,GL,2021-10-19 01:35:54,60.9167,-46.05,48.42,44,41,6.62
220,Weligama,LK,2021-10-19 01:32:04,5.9667,80.4167,80.53,82,94,10.45
221,Sindou,BF,2021-10-19 01:36:22,10.6667,-5.1667,75.87,70,95,2.8
222,Cabo San Lucas,MX,2021-10-19 01:31:44,22.8909,-109.9124,83.5,68,40,14.97
223,Gort,IE,2021-10-19 01:36:22,53.0664,-8.8167,58.75,96,100,12.28
224,Isangel,VU,2021-10-19 01:34:13,-19.55,169.2667,82.51,69,100,5.75
225,Arjona,CO,2021-10-19 01:36:23,10.2544,-75.3439,83.46,86,74,3.91
226,Iralaya,HN,2021-10-19 01:35:26,15.0,-83.2333,80.24,80,70,6.17
227,Princeton,US,2021-10-19 01:36:23,25.5384,-80.4089,80.01,67,75,6.91
228,Kurmanayevka,RU,2021-10-19 01:36:24,52.5093,52.0675,49.87,76,100,6.53
229,Pimenta Bueno,BR,2021-10-19 01:32:29,-11.6725,-61.1936,71.67,97,84,2.75
230,Akonolinga,CM,2021-10-19 01:36:24,3.7667,12.25,67.21,100,100,1.99
231,Uribia,CO,2021-10-19 01:36:25,11.7139,-72.266,83.68,74,15,5.17
232,Nelson Bay,AU,2021-10-19 01:36:25,-32.7167,152.15,80.76,64,50,10.78
233,Caravelas,BR,2021-10-19 01:36:26,-17.7125,-39.2481,75.04,88,23,7.67
234,Kondoa,TZ,2021-10-19 01:36:26,-4.9,35.7833,59.2,90,100,4.7
235,Vila Velha,BR,2021-10-19 01:36:27,-20.3297,-40.2925,71.55,100,90,2.3
236,Georgetown,MY,2021-10-19 01:36:27,5.4112,100.3354,78.89,94,40,1.01
237,Bantry,IE,2021-10-19 01:36:28,51.6833,-9.45,58.48,99,100,11.63
238,Cedar City,US,2021-10-19 01:31:58,37.6775,-113.0619,36.57,60,90,12.66
239,Skoghall,SE,2021-10-19 01:36:28,59.3232,13.4655,36.16,93,40,5.75
240,Kahului,US,2021-10-19 01:33:53,20.8947,-156.47,84.22,68,20,20.71
241,Tiksi,RU,2021-10-19 01:33:49,71.6872,128.8694,18.55,89,100,14.12
242,Gat,IL,2021-10-19 01:36:29,31.61,34.7642,67.41,100,49,3.15
243,Llata,PE,2021-10-19 01:36:30,-9.4167,-76.7833,53.92,83,82,1.95
244,Ancud,CL,2021-10-19 01:36:30,-41.8697,-73.8203,51.42,93,2,4.0
245,High Level,CA,2021-10-19 01:36:31,58.5169,-117.136,35.71,55,20,4.61
246,Mitsamiouli,KM,2021-10-19 01:36:31,-11.3847,43.2844,76.82,78,99,13.78
247,Corinto,GR,2021-10-19 01:36:32,37.9407,22.9573,61.68,85,11,3.56
248,Salmas,IR,2021-10-19 01:36:32,38.1973,44.7653,41.99,64,42,5.21
249,Nome,US,2021-10-19 01:36:32,64.5011,-165.4064,26.67,68,90,17.27
250,Parlakimidi,IN,2021-10-19 01:36:33,18.7667,84.0833,79.83,89,97,1.16
251,Talnakh,RU,2021-10-19 01:32:02,69.4865,88.3972,33.24,96,100,12.01
252,Eten,PE,2021-10-19 01:36:34,-6.9081,-79.8642,64.06,86,95,8.41
253,Beroroha,MG,2021-10-19 01:36:34,-21.6667,45.1667,75.54,63,57,3.15
254,Barcelona,ES,2021-10-19 01:34:58,41.3888,2.159,66.54,92,75,5.75
255,Yuncheng,CN,2021-10-19 01:36:35,35.0231,110.9928,57.7,64,100,9.91
256,Macau,MO,2021-10-19 01:35:35,22.2006,113.5461,78.8,73,0,9.22
257,Ketchikan,US,2021-10-19 01:36:35,55.3422,-131.6461,48.67,49,40,9.22
258,Tabing,PH,2021-10-19 01:36:36,11.4,124.35,85.89,70,12,5.01
259,Port Blair,IN,2021-10-19 01:31:54,11.6667,92.75,82.24,81,81,10.56
260,Mpanda,TZ,2021-10-19 01:36:37,-6.3655,31.0409,69.6,78,95,1.41
261,Nouadhibou,MR,2021-10-19 01:36:37,20.931,-17.0347,69.78,88,5,11.5
262,Vestmannaeyjar,IS,2021-10-19 01:36:37,63.4427,-20.2734,47.52,74,100,13.02
263,Grindavik,IS,2021-10-19 01:36:38,63.8424,-22.4338,46.35,81,75,24.16
264,Fez,MA,2021-10-19 01:36:38,34.0372,-4.9998,70.05,34,0,10.36
265,Shiyan,CN,2021-10-19 01:36:39,32.6475,110.7781,60.64,71,100,4.21
266,Adana,TR,2021-10-19 01:36:39,36.985,35.2881,64.42,82,0,1.14
267,Sorland,NO,2021-10-19 01:36:40,67.667,12.6934,39.51,55,100,12.8
268,Djambala,CG,2021-10-19 01:36:40,-2.5447,14.7533,67.14,99,100,3.98
269,At-Bashi,KG,2021-10-19 01:36:40,41.1702,75.8106,45.03,58,100,3.62
270,Kavaratti,IN,2021-10-19 01:36:41,10.5669,72.642,81.3,76,100,10.29
271,Dikson,RU,2021-10-19 01:36:41,73.5069,80.5464,27.5,93,100,24.9
272,Kulhudhuffushi,MV,2021-10-19 01:36:42,6.6221,73.07,82.38,72,81,14.14
273,San Quintin,MX,2021-10-19 01:36:42,30.4833,-115.95,63.75,73,5,15.7
274,Muros,ES,2021-10-19 01:31:56,42.7762,-9.0603,65.23,90,26,8.14
275,Necochea,AR,2021-10-19 01:36:43,-38.5473,-58.7368,47.03,73,25,12.55
276,Turukhansk,RU,2021-10-19 01:31:53,65.8167,87.9833,35.4,98,100,16.08
277,Inongo,CD,2021-10-19 01:36:43,-1.95,18.2667,73.09,91,100,2.91
278,Berdigestyakh,RU,2021-10-19 01:36:44,62.0989,126.6992,22.39,79,91,1.97
279,Manadhoo,MV,2021-10-19 01:36:44,5.7667,73.3833,82.18,74,100,13.38
280,Mitu,CO,2021-10-19 01:34:12,1.1983,-70.1733,79.12,71,98,2.21
281,Quelimane,MZ,2021-10-19 01:36:45,-17.8786,36.8883,73.94,88,0,6.33
282,Haapiti,PF,2021-10-19 01:36:45,-17.5667,-149.8667,83.93,76,28,16.44
283,Meulaboh,ID,2021-10-19 01:36:46,4.1363,96.1285,82.45,73,86,4.07
284,El Retorno,CO,2021-10-19 01:36:46,2.3302,-72.6276,74.41,89,65,3.11
285,Ulaangom,MN,2021-10-19 01:36:47,49.9811,92.0667,38.28,48,27,2.24
286,Saskylakh,RU,2021-10-19 01:36:47,71.9167,114.0833,22.14,96,100,1.16
287,Upernavik,GL,2021-10-19 01:36:47,72.7868,-56.1549,29.61,46,98,7.09
288,Hualmay,PE,2021-10-19 01:36:48,-11.0964,-77.6139,62.98,84,100,8.03
289,Olavarria,AR,2021-10-19 01:36:48,-36.8927,-60.3225,47.95,64,21,7.34
290,Westport,US,2021-10-19 01:36:48,41.1415,-73.3579,52.75,80,1,1.99
291,Bagdarin,RU,2021-10-19 01:36:49,54.4333,113.6,31.42,47,33,2.1
292,Antofagasta,CL,2021-10-19 01:33:35,-23.65,-70.4,58.28,74,29,3.74
293,Dingle,PH,2021-10-19 01:36:50,10.9995,122.6711,85.23,76,77,9.37
294,Capreol,CA,2021-10-19 01:36:50,46.706,-80.9225,45.07,75,1,5.75
295,Anloga,GH,2021-10-19 01:36:50,5.7947,0.8973,73.62,81,95,11.27
296,Morros,BR,2021-10-19 01:36:51,-9.4467,-46.3003,76.42,75,88,5.37
297,Isiro,CD,2021-10-19 01:36:51,2.7739,27.616,64.94,98,100,1.68
298,Tura,IN,2021-10-19 01:36:52,25.5198,90.2201,71.33,99,100,5.08
299,Sterling,US,2021-10-19 01:36:52,39.0062,-77.4286,56.35,75,1,0.0
300,Verkhovazhye,RU,2021-10-19 01:36:52,60.7472,42.0465,34.52,84,100,8.34
301,Ratnagiri,IN,2021-10-19 01:36:53,16.9833,73.3,76.03,82,61,5.14
302,Magadi,IN,2021-10-19 01:36:53,12.9667,77.2333,71.76,92,74,4.32
303,Husavik,IS,2021-10-19 01:33:07,66.0449,-17.3389,42.71,99,100,18.92
304,Kieta,PG,2021-10-19 01:36:54,-6.2167,155.6333,85.06,69,30,4.54
305,Ballina,AU,2021-10-19 01:36:54,-28.8667,153.5667,74.79,70,72,6.91
306,Kasongo,CD,2021-10-19 01:36:55,-4.45,26.6667,68.99,99,100,4.54
307,Izhma,RU,2021-10-19 01:36:55,65.0083,53.9113,31.06,89,62,4.7
308,Comodoro Rivadavia,AR,2021-10-19 01:36:56,-45.8667,-67.5,69.66,32,0,16.11
309,Charters Towers,AU,2021-10-19 01:36:56,-20.1,146.2667,95.58,17,0,3.96
310,Maltahohe,NA,2021-10-19 01:36:57,-24.8333,16.9833,56.3,11,91,11.72
311,Hay River,CA,2021-10-19 01:36:57,60.8156,-115.7999,28.38,86,20,1.14
312,Timaru,NZ,2021-10-19 01:36:57,-44.4,171.25,53.08,83,99,5.99
313,Paracale,PH,2021-10-19 01:36:58,14.2804,122.7881,83.61,80,30,8.32
314,Urucui,BR,2021-10-19 01:33:18,-7.2294,-44.5561,79.2,63,38,3.58
315,Khandbari,NP,2021-10-19 01:36:59,27.3747,87.2039,67.3,95,100,1.81
316,Terrace,CA,2021-10-19 01:36:59,54.5163,-128.6035,42.71,70,90,12.66
317,Kisangani,CD,2021-10-19 01:36:59,0.5167,25.2,70.45,99,100,0.25
318,East London,ZA,2021-10-19 01:37:00,-33.0153,27.9116,56.12,72,27,5.68
319,Hambantota,LK,2021-10-19 01:37:00,6.1241,81.1185,77.34,100,20,0.0
320,Nikolayevsk-Na-Amure,RU,2021-10-19 01:37:00,53.1406,140.73,28.53,59,0,8.66
321,San Cristobal,VE,2021-10-19 01:37:01,7.7669,-72.225,75.38,85,13,1.7
322,Sioux Falls,US,2021-10-19 01:35:55,43.55,-96.7003,61.97,49,100,1.99
323,Santa Fe,AR,2021-10-19 01:37:02,-31.6333,-60.7,65.75,83,5,3.8
324,Langfang,CN,2021-10-19 01:37:02,39.5097,116.6947,50.25,36,0,6.29
325,San Jose De Guanipa,VE,2021-10-19 01:37:03,8.8872,-64.1651,79.72,62,29,8.48
326,Abalak,RU,2021-10-19 01:37:03,58.1286,68.5944,42.4,72,100,7.36
327,Ouadda,CF,2021-10-19 01:37:03,8.0777,22.4007,68.76,90,94,1.54
328,Kenai,US,2021-10-19 01:37:04,60.5544,-151.2583,46.09,55,1,12.66
329,Coihaique,CL,2021-10-19 01:32:39,-45.5752,-72.0662,51.75,76,90,4.61
330,Kota Tinggi,MY,2021-10-19 01:37:05,1.7381,103.8999,85.89,70,13,1.36
331,Carira,BR,2021-10-19 01:37:05,-10.3608,-37.7011,69.73,92,99,10.25
332,Filadelfia,US,2021-10-19 01:35:10,39.9523,-75.1638,53.49,64,75,1.99
333,Champerico,GT,2021-10-19 01:37:06,14.3,-91.9167,83.35,83,100,6.26
334,Te Anau,NZ,2021-10-19 01:37:06,-45.4167,167.7167,51.73,54,85,8.21
335,Iquitos,PE,2021-10-19 01:37:06,-3.7481,-73.2472,75.24,94,40,3.44
336,Daru,PG,2021-10-19 01:37:07,-9.0763,143.2092,86.52,68,54,10.02
337,Madang,PG,2021-10-19 01:37:07,-5.2246,145.7966,83.14,75,98,4.23
338,Pangody,RU,2021-10-19 01:37:08,65.85,74.4859,32.05,96,52,10.42
339,San Ramon De La Nueva Oran,AR,2021-10-19 01:37:08,-23.1322,-64.326,71.42,60,100,2.53
340,Bejar,ES,2021-10-19 01:37:08,40.3864,-5.7634,60.58,79,100,3.06
341,Goure,NE,2021-10-19 01:37:09,13.9835,10.2704,85.01,34,10,5.86
342,Tocopilla,CL,2021-10-19 01:37:09,-22.092,-70.1979,62.65,67,6,5.64
343,Kjollefjord,NO,2021-10-19 01:37:10,70.9457,27.3465,33.69,61,100,21.5
344,Diu,IN,2021-10-19 01:37:10,20.7141,70.9822,75.54,76,6,8.66
345,Sept-Iles,CA,2021-10-19 01:37:10,50.2001,-66.3821,48.72,97,90,1.99
346,Plover,US,2021-10-19 01:37:11,44.4564,-89.544,57.81,57,1,3.0
347,Nanortalik,GL,2021-10-19 01:33:15,60.1432,-45.2371,34.29,57,100,4.18
348,Ascension,US,2021-10-19 01:37:11,30.2169,-90.9001,66.97,83,1,0.0
349,Barra Do Corda,BR,2021-10-19 01:37:12,-5.5,-45.25,76.19,83,21,2.37
350,Marovoay,MG,2021-10-19 01:37:12,-16.1,46.6333,71.74,59,3,4.72
351,Karangampel,ID,2021-10-19 01:37:12,-6.4622,108.4519,85.78,60,98,1.48
352,Yuksekova,TR,2021-10-19 01:37:13,37.5736,44.2872,36.23,86,78,1.97
353,Arrifes,PT,2021-10-19 01:37:13,37.7667,-25.7,68.25,78,40,16.11
354,Oranjestad,AW,2021-10-19 01:37:14,12.524,-70.027,84.15,79,20,11.5
355,Rio Grande,BR,2021-10-19 01:35:25,-32.035,-52.0986,56.95,71,2,6.85
356,Gweta,BW,2021-10-19 01:37:14,-20.1833,25.2333,61.56,72,100,15.68
357,Lavrentiya,RU,2021-10-19 01:37:15,65.5833,-171.0,28.85,80,100,15.48
358,Guerrero Negro,MX,2021-10-19 01:37:15,27.9769,-114.0611,65.3,68,1,15.79
359,Leningradskiy,RU,2021-10-19 01:37:15,69.3833,178.4167,11.14,86,100,4.27
360,Marawi,PH,2021-10-19 01:37:12,7.9986,124.2928,74.64,61,47,1.03
361,Catumbela,AO,2021-10-19 01:37:16,-12.4314,13.5472,72.36,85,47,1.86
362,Golden,US,2021-10-19 01:37:16,39.7555,-105.2211,66.49,29,40,3.0
363,Marzuq,YE,2021-10-19 01:32:53,14.4,46.4667,71.92,59,12,2.19
364,Rundu,NA,2021-10-19 01:37:17,-17.9333,19.7667,66.36,31,14,8.48
365,Dakar,SN,2021-10-19 01:36:04,14.6937,-17.4441,82.53,89,40,0.0
366,Hoquiam,US,2021-10-19 01:37:18,46.9809,-123.8893,52.66,66,82,0.96
367,Valdivia,CL,2021-10-19 01:37:18,-39.8142,-73.2459,51.01,93,12,2.68
368,Atar,MR,2021-10-19 01:37:19,20.5169,-13.0499,87.44,12,100,6.89
369,Alice Springs,AU,2021-10-19 01:37:19,-23.7,133.8833,96.35,19,63,17.27
370,Araouane,ML,2021-10-19 01:37:19,18.9048,-3.5265,81.3,13,66,10.56
371,Acarau,BR,2021-10-19 01:37:20,-2.8856,-40.12,79.41,83,84,16.11
372,Orotukan,RU,2021-10-19 01:37:20,62.2667,151.7,0.7,92,100,4.12
373,Hofn,IS,2021-10-19 01:37:20,64.2539,-15.2082,40.33,94,100,26.93
374,Campoverde,PE,2021-10-19 01:37:21,-8.4753,-74.8058,76.69,67,100,1.99
375,Codrington,AU,2021-10-19 01:32:33,-38.2667,141.9667,56.64,56,32,13.29
376,Ous,RU,2021-10-19 01:37:22,60.9058,61.5186,42.55,96,100,10.22
377,Marsh Harbour,BS,2021-10-19 01:37:22,26.5412,-77.0636,77.56,58,80,14.9
378,Gorontalo,ID,2021-10-19 01:37:22,0.5412,123.0595,89.55,59,72,3.49
379,Nara,JP,2021-10-19 01:37:23,34.6851,135.8049,65.57,57,73,0.22
380,Angoche,MZ,2021-10-19 01:37:23,-16.2325,39.9086,72.03,89,5,1.77
381,Kosai,JP,2021-10-19 01:37:23,34.7105,137.5316,72.07,76,100,8.75
382,Wakefield,GB,2021-10-19 01:37:24,53.6809,-1.499,60.89,96,99,3.71
383,Saint-Leu,RE,2021-10-19 01:37:24,-21.15,55.2833,70.63,75,12,6.42
384,Fastiv,UA,2021-10-19 01:37:25,50.0767,29.9177,40.82,94,6,7.9
385,Wanganui,NZ,2021-10-19 01:37:25,-39.9333,175.05,61.74,68,38,21.99
386,Aswan,EG,2021-10-19 01:34:43,24.0934,32.907,74.5,33,0,9.22
387,Abu Samrah,SY,2021-10-19 01:37:26,35.3029,37.1841,60.75,83,1,6.44
388,Qobustan,AZ,2021-10-19 01:37:26,40.0824,49.412,60.91,75,100,8.39
389,Sable-Sur-Sarthe,FR,2021-10-19 01:37:26,47.8376,-0.3329,63.36,90,100,7.47
390,Rafraf,TN,2021-10-19 01:37:27,37.1904,10.1837,59.32,69,100,10.85
391,Prado,BR,2021-10-19 01:34:13,-17.3411,-39.2208,75.38,89,23,9.64
392,Patacamaya,BO,2021-10-19 01:37:27,-17.2333,-67.9167,46.9,78,45,7.49
393,Terrace Bay,CA,2021-10-19 01:37:28,48.7834,-87.1,44.22,75,8,7.43
394,Kudahuvadhoo,MV,2021-10-19 01:37:28,2.6708,72.8944,82.56,72,98,13.76
395,Lasa,IT,2021-10-19 01:37:28,46.6166,10.7002,45.48,53,100,2.48
396,Nizhnyaya Poyma,RU,2021-10-19 01:37:29,56.1622,97.1933,35.49,78,85,6.33
397,Carballo,ES,2021-10-19 01:37:30,43.213,-8.691,64.09,85,10,5.84
398,Lubao,PH,2021-10-19 01:37:30,14.9167,120.55,88.14,70,96,7.78
399,Mandalgovi,MN,2021-10-19 01:37:30,45.7625,106.2708,32.67,38,0,8.23
400,Bukama,CD,2021-10-19 01:37:31,-9.2,25.85,68.95,91,83,2.42
401,Kashiwazaki,JP,2021-10-19 01:37:31,37.3667,138.55,64.89,55,72,3.83
402,San Jose,US,2021-10-19 01:35:58,37.3394,-121.895,60.67,66,20,11.5
403,Ofaqim,IL,2021-10-19 01:37:32,31.3141,34.6203,65.73,67,22,3.62
404,Tautira,PF,2021-10-19 01:37:32,-17.7333,-149.15,84.22,78,75,17.96
405,Rumburk,CZ,2021-10-19 01:37:33,50.9515,14.557,49.17,75,100,7.29
406,Sembe,CG,2021-10-19 01:37:33,1.6481,14.5806,71.31,99,100,1.99
407,Bilibino,RU,2021-10-19 01:35:13,68.0546,166.4372,7.7,91,100,6.96
408,Namie,JP,2021-10-19 01:37:34,37.4833,141.0,57.72,85,100,0.29
409,Dosso,NE,2021-10-19 01:37:34,13.049,3.1937,80.82,69,96,3.38
410,Sorong,ID,2021-10-19 01:37:35,-0.8833,131.25,83.52,72,99,1.48
411,Fuxin,CN,2021-10-19 01:37:35,42.0156,121.6589,43.66,40,0,6.15
412,Puerto Carreno,CO,2021-10-19 01:37:35,6.189,-67.4859,77.92,81,100,3.13
413,Collierville,US,2021-10-19 01:33:50,35.042,-89.6645,57.31,78,1,0.0
414,Port Hawkesbury,CA,2021-10-19 01:34:51,45.6169,-61.3485,53.19,92,1,1.99
415,Zeya,RU,2021-10-19 01:37:36,53.75,127.2667,28.29,46,100,2.28
416,Belmonte,BR,2021-10-19 01:37:37,-15.8631,-38.8828,77.5,86,93,8.81
417,Kaitangata,NZ,2021-10-19 01:37:37,-46.2817,169.8464,50.94,41,100,11.01
418,Vanimo,PG,2021-10-19 01:37:37,-2.6741,141.3028,87.37,63,90,8.16
419,Manggar,ID,2021-10-19 01:37:38,-2.8833,108.2667,85.35,65,73,3.74
420,Peniche,PT,2021-10-19 01:37:38,39.3558,-9.3811,70.61,95,6,2.24
421,Aksarka,RU,2021-10-19 01:37:38,66.5606,67.7975,31.32,94,23,9.95
422,Christchurch,NZ,2021-10-19 01:37:39,-43.5333,172.6333,62.94,61,56,8.01
423,Beloha,MG,2021-10-19 01:37:39,-25.1667,45.05,68.43,90,11,6.04
424,Ossora,RU,2021-10-19 01:37:40,59.2353,163.0719,26.64,67,100,7.54
425,Caserta,IT,2021-10-19 01:37:40,41.0832,14.3349,64.04,71,0,4.43
426,Kolvereid,NO,2021-10-19 01:37:40,64.8655,11.6047,37.72,64,100,8.34
427,Solnechnyy,RU,2021-10-19 01:37:41,50.7214,136.6319,31.73,38,0,3.56
428,Nizhnyaya Tavda,RU,2021-10-19 01:37:41,57.6731,66.1725,43.57,67,100,8.97
429,Beidao,CN,2021-10-19 01:37:42,34.5686,105.8933,52.7,72,100,2.84
430,Karaton,ID,2021-10-19 01:37:42,-6.3424,106.1045,83.95,72,100,5.93
431,Tahta,EG,2021-10-19 01:37:42,26.7693,31.5021,71.92,51,60,8.5
432,Beira,MZ,2021-10-19 01:37:43,-19.8436,34.8389,73.53,82,100,19.69
433,Portobelo,PA,2021-10-19 01:37:43,9.55,-79.65,76.86,84,94,2.62
434,Labuhan,ID,2021-10-19 01:33:51,-6.8844,112.2051,88.14,60,100,3.49
435,Najran,SA,2021-10-19 01:37:44,17.4924,44.1277,63.25,25,11,2.91
436,Wanning,CN,2021-10-19 01:37:44,18.8003,110.3967,80.62,87,52,8.52
437,Roswell,US,2021-10-19 01:33:18,34.0232,-84.3616,59.56,84,1,0.0
438,Provideniya,RU,2021-10-19 01:37:45,64.3833,-173.3,30.31,80,90,15.66
439,Bahia Honda,CU,2021-10-19 01:37:46,22.9036,-83.1592,76.3,87,72,10.36
440,Kurilsk,RU,2021-10-19 01:36:45,45.2333,147.8833,48.83,61,16,18.81
441,Port Lincoln,AU,2021-10-19 01:37:46,-34.7333,135.8667,62.91,65,3,17.31
442,Dubai,AE,2021-10-19 01:35:06,25.2582,55.3047,87.22,79,6,8.05
443,Khasan,RU,2021-10-19 01:37:47,42.4308,130.6434,42.06,44,7,17.34
444,Adrar,MR,2021-10-19 01:37:47,20.5022,-10.0711,80.11,14,89,9.53
445,Mikasa,JP,2021-10-19 01:37:47,43.251,141.9043,58.12,83,84,8.46
446,Alofi,NU,2021-10-19 01:36:01,-19.0595,-169.9187,78.69,73,75,16.11
447,Naze,JP,2021-10-19 01:37:48,28.3667,129.4833,68.92,90,100,15.57
448,Kailua,US,2021-10-19 01:37:48,21.4022,-157.7394,85.98,71,13,15.17
449,Taiyuan,CN,2021-10-19 01:37:49,37.8694,112.5603,44.46,61,100,15.66
450,Doka,SD,2021-10-19 01:37:49,13.5167,35.7667,73.54,58,6,3.36
451,The Pas,CA,2021-10-19 01:37:50,53.8251,-101.2541,42.82,75,90,21.85
452,Volno-Nadezhdinskoye,RU,2021-10-19 01:37:50,43.3833,131.9917,38.68,41,40,22.37
453,Roald,NO,2021-10-19 01:36:18,62.5833,6.1333,45.34,65,40,12.66
454,Churapcha,RU,2021-10-19 01:37:51,62.0025,132.4325,16.23,76,85,5.06
455,Padang,ID,2021-10-19 01:33:27,-0.9492,100.3543,78.85,82,100,4.14
456,Novobirilyussy,RU,2021-10-19 01:37:51,56.9514,90.6661,34.3,89,88,5.79
457,Saint-Augustin,CA,2021-10-19 01:37:52,51.226,-58.6502,44.02,97,100,26.8
458,Broken Hill,AU,2021-10-19 01:37:52,-31.95,141.4333,67.71,34,0,16.11
459,Stromness,GB,2021-10-19 01:37:53,58.965,-3.296,55.65,91,100,3.0
460,Cabedelo,BR,2021-10-19 01:37:53,-6.9811,-34.8339,75.87,79,74,10.8
461,Seoul,KR,2021-10-19 01:33:12,37.5683,126.9778,56.71,82,75,9.22
462,Naila,DE,2021-10-19 01:37:54,50.3167,11.7,46.53,94,99,4.0
463,Inhambane,MZ,2021-10-19 01:37:54,-23.865,35.3833,67.96,60,100,16.22
464,Abnub,EG,2021-10-19 01:37:55,27.2696,31.1511,70.02,61,7,8.79
465,Ostrovnoy,RU,2021-10-19 01:37:55,68.0531,39.5131,37.65,79,100,25.66
466,Selfoss,IS,2021-10-19 01:37:56,63.9331,-20.9971,46.29,72,100,27.07
467,Veraval,IN,2021-10-19 01:37:56,20.9,70.3667,78.62,68,11,7.99
468,Herat,AF,2021-10-19 01:37:56,34.5,62.0,56.48,10,0,2.75
469,Biggar,GB,2021-10-19 01:37:57,55.6167,-3.5167,58.55,96,100,8.5
470,Deputatskiy,RU,2021-10-19 01:37:57,69.3,139.9,-7.17,94,30,3.29
471,Gold Coast,AU,2021-10-19 01:33:13,-28.0,153.4333,80.35,68,20,1.01
472,Maragogi,BR,2021-10-19 01:37:58,-9.0122,-35.2225,76.39,85,54,7.81
473,Kresttsy,RU,2021-10-19 01:37:58,58.2452,32.5165,33.76,96,65,5.03
474,Lluta,PE,2021-10-19 01:37:59,-16.0147,-72.0142,50.27,48,26,0.45
475,Oktyabrskoye,RU,2021-10-19 01:37:59,43.0645,44.7417,50.14,93,100,6.71
476,Tefe,BR,2021-10-19 01:37:59,-3.3542,-64.7114,72.64,99,100,3.51
477,Dire,ML,2021-10-19 01:38:00,12.2833,-10.9667,74.17,70,34,2.04
478,Pangnirtung,CA,2021-10-19 01:38:00,66.1451,-65.7125,29.75,65,100,1.72
479,Carbonia,IT,2021-10-19 01:38:01,39.1672,8.5222,59.99,79,3,3.15
480,Coquimbo,CL,2021-10-19 01:36:30,-29.9533,-71.3436,55.13,94,75,6.91
481,Mineiros,BR,2021-10-19 01:36:36,-17.5694,-52.5511,70.74,88,100,2.19
482,Yinchuan,CN,2021-10-19 01:38:01,38.4681,106.2731,49.33,24,100,9.26
483,Rabo De Peixe,PT,2021-10-19 01:38:02,37.8,-25.5833,69.31,78,40,16.11
484,Senneterre,CA,2021-10-19 01:38:03,48.3835,-77.2328,39.42,81,100,9.08
485,Paamiut,GL,2021-10-19 01:38:03,61.994,-49.6678,37.27,53,0,9.22
486,Bouake,CI,2021-10-19 01:38:04,7.6895,-5.0218,75.31,100,75,11.5
487,Kosh-Agach,RU,2021-10-19 01:38:04,50.0,88.6667,21.42,69,0,3.09
488,Geraldton,AU,2021-10-19 01:38:04,-28.7667,114.6,62.13,94,75,24.16
489,Lakes Entrance,AU,2021-10-19 01:38:05,-37.8811,147.981,54.75,82,98,8.12
490,Melfort,CA,2021-10-19 01:38:05,52.8667,-104.6177,42.93,65,99,16.11
491,Point Pleasant,US,2021-10-19 01:35:45,40.0832,-74.0682,53.55,64,40,1.99
492,Imeni Poliny Osipenko,RU,2021-10-19 01:38:06,52.4201,136.4853,24.39,67,5,7.52
493,Riyadh,SA,2021-10-19 01:35:30,24.6877,46.7219,71.74,22,0,5.44
494,Sawakin,SD,2021-10-19 01:38:07,19.1059,37.3321,82.08,66,88,8.75
495,Buala,SB,2021-10-19 01:37:17,-8.145,159.5921,85.39,67,30,2.86
496,Chegdomyn,RU,2021-10-19 01:38:07,51.1167,133.0167,27.61,37,3,3.6
497,Batemans Bay,AU,2021-10-19 01:38:08,-35.7167,150.1833,57.99,91,100,8.03
498,Tutoia,BR,2021-10-19 01:38:08,-2.7619,-42.2744,80.19,84,85,12.39
499,Bollnas,SE,2021-10-19 01:38:08,61.3482,16.3946,34.59,76,100,1.79
500,Novikovo,RU,2021-10-19 01:38:09,51.1537,37.8879,40.82,82,100,7.63
501,Nanga Eboko,CM,2021-10-19 01:38:09,4.6833,12.3667,67.68,100,93,1.45
502,Tilichiki,RU,2021-10-19 01:38:10,60.4667,166.1,19.63,78,57,12.86
503,Neiafu,TO,2021-10-19 01:34:17,-18.65,-173.9833,81.28,69,75,8.05
504,Verkhoyansk,RU,2021-10-19 01:38:10,67.5447,133.385,6.49,80,100,3.11
505,Port Hedland,AU,2021-10-19 01:38:11,-20.3167,118.5667,84.25,54,5,16.11
506,Palmer,US,2021-10-19 01:33:31,42.1584,-72.3287,47.89,78,75,9.22
507,Longyan,CN,2021-10-19 01:38:11,25.1072,117.0225,75.7,62,13,2.48
508,Richards Bay,ZA,2021-10-19 01:38:12,-28.783,32.0377,56.75,75,4,3.13
509,Shelburne,CA,2021-10-19 01:38:12,44.0787,-80.2041,45.05,82,3,7.36
510,Derzhavinsk,KZ,2021-10-19 01:38:12,51.1,66.3167,43.72,54,37,8.79
511,Boende,CD,2021-10-19 01:38:13,-0.2167,20.8667,70.03,99,100,1.14
512,Kerrobert,CA,2021-10-19 01:34:46,51.9168,-109.1348,39.4,72,8,12.53
513,Kiunga,PG,2021-10-19 01:38:13,-6.1219,141.2906,90.05,59,98,1.12
514,Qiqihar,CN,2021-10-19 01:38:14,47.3408,123.9672,40.23,36,1,7.34
515,Umm Kaddadah,SD,2021-10-19 01:38:14,13.6017,26.6876,82.81,20,8,11.32
516,Plotnikovo,RU,2021-10-19 01:38:14,55.0247,85.9436,28.74,82,14,6.15
517,Sisimiut,GL,2021-10-19 01:38:15,66.9395,-53.6735,27.84,45,3,14.16
518,Xinqing,CN,2021-10-19 01:38:15,48.2333,129.5,33.06,31,0,5.95
519,Umkomaas,ZA,2021-10-19 01:38:16,-30.2067,30.7978,56.68,74,0,4.16
520,Eyl,SO,2021-10-19 01:38:16,7.9803,49.8164,76.75,87,32,7.02
521,Berbera,SO,2021-10-19 01:38:16,10.4396,45.0143,83.88,67,69,5.61
522,Kalianget,ID,2021-10-19 01:38:17,-7.05,113.9333,86.36,64,100,6.55
523,Bjorkelangen,NO,2021-10-19 01:38:17,59.8848,11.5694,37.4,89,100,1.1
524,Samarinda,ID,2021-10-19 01:38:18,-0.5,117.15,85.64,72,100,1.79
525,Emba,KZ,2021-10-19 01:38:18,48.8264,58.1442,46.06,33,100,5.41
526,Akdepe,TM,2021-10-19 01:38:18,42.0551,59.3788,37.49,21,100,4.16
527,Kovdor,RU,2021-10-19 01:38:19,67.5662,30.4758,27.01,84,100,12.12
528,Mackay,AU,2021-10-19 01:38:19,-21.15,149.2,90.68,61,75,12.66
529,Along,IN,2021-10-19 01:38:20,28.1667,94.7667,73.35,97,100,0.31
530,Canaries,ES,2021-10-19 01:38:20,28.0,-15.5,69.39,31,0,3.0
531,Petauke,ZM,2021-10-19 01:38:21,-14.2426,31.3253,68.63,76,48,13.78
532,Springdale,US,2021-10-19 01:38:21,36.1867,-94.1288,58.91,72,1,6.91
533,Nishihara,JP,2021-10-19 01:38:21,26.1842,127.7558,79.88,76,75,10.36
534,Saint Anthony,US,2021-10-19 01:38:22,45.0205,-93.218,67.05,46,1,1.01
535,Fare,PF,2021-10-19 01:38:22,-16.7,-151.0167,80.13,77,14,13.69
536,Farafangana,MG,2021-10-19 01:38:22,-22.8167,47.8333,68.56,91,1,7.87
537,Lata,PT,2021-10-19 01:36:33,40.1629,-8.3327,65.8,82,42,3.22
538,Lazaro Cardenas,MX,2021-10-19 01:38:23,17.9583,-102.2,80.58,85,31,4.72
539,Carauari,BR,2021-10-19 01:38:23,-4.8828,-66.8958,73.31,98,95,1.41
540,Ca Mau,VN,2021-10-19 01:33:50,9.1769,105.15,85.75,72,9,2.64
541,Yar-Sale,RU,2021-10-19 01:38:24,66.8333,70.8333,32.25,94,20,11.99
542,Kjopsvik,NO,2021-10-19 01:38:24,68.097,16.3742,30.06,84,28,5.95
543,Coahuayana,MX,2021-10-19 01:38:25,18.7333,-103.6833,83.68,90,21,0.89
544,Bosaso,SO,2021-10-19 01:38:25,11.2842,49.1816,80.92,55,90,3.85
545,Soanierana Ivongo,MG,2021-10-19 01:38:26,-16.9167,49.5833,66.85,88,36,3.53
546,Altay,CN,2021-10-19 01:38:26,47.8667,88.1167,40.46,42,0,7.52
547,Zhuhai,CN,2021-10-19 01:38:26,22.2769,113.5678,80.38,73,0,9.22
548,Sao Gabriel Da Cachoeira,BR,2021-10-19 01:38:27,-0.1303,-67.0892,77.34,83,99,0.89
549,Khomutovka,RU,2021-10-19 01:38:27,51.9207,34.5619,34.36,86,7,8.28
550,Ust-Tsilma,RU,2021-10-19 01:38:28,65.441,52.1498,33.71,91,98,5.1
551,Wattegama,LK,2021-10-19 01:38:28,6.7989,81.4808,76.12,66,98,0.11
552,Puerto Rico,AR,2021-10-19 01:33:41,-26.796,-55.024,60.37,87,0,2.51
553,Acapulco,MX,2021-10-19 01:38:29,16.8634,-99.8901,82.22,83,75,3.44
554,Mnogovershinnyy,RU,2021-10-19 01:38:29,53.9353,139.9242,23.76,67,44,10.02
555,Slave Lake,CA,2021-10-19 01:35:49,55.2834,-114.769,30.18,86,75,0.0
556,Kalabagh,PK,2021-10-19 01:38:30,32.965,71.557,77.13,44,0,0.98
557,Ternate,ID,2021-10-19 01:38:30,0.8,127.4,85.32,69,80,2.66
558,Buin,CL,2021-10-19 01:33:16,-33.7333,-70.75,71.64,38,0,4.36
